Наименование,Зарплата,Компания,Локация,Описание,Доп. инфа
Backend developer (Python),от 300000 KZT,ТОО Click Logistics,Алматы,Option pool.Коммерческий опыт программирования на Python от 2 лет. Знакомство Machine Learning будет плюсом. С# и знакомство с Unity будет большим...,Можно работать из дома
Junior Back-end/Go Developer,,ТОО LEOPART CENTER,Алматы,"Разработка новых продуктов, используя микросервисный подход (охват более 2 тыс b2b клиентов). Использование различных инструментов разработки: SQL/NoSQL...Знание одного и/или нескольких backend языков (Golang(приоритетный), C/C, PHP, Python, C#, Java). Знание Git. Опыт работы с...",ТОО LEOPART CENTER
Python/Django Web Developer (Remote),4000 – 6000 USD,Soshace,Алматы,"TrCr* is a platform-as-a-service provider that enables fintechs to build next-generation banking and investment products. Experience with RabbitMQ, Kafka, ElasticSearch, data streamingReady and want to work with multiple technologies. Experience with Python Django and Django...",Можно работать из дома
Backend Jun+ / Middle разработчик (Python/Node.js),300000 – 800000 KZT,ТОО GLOBAL Innotion,Алматы,Участие в разработке веб-приложений. Разработка архитектуры баз данных. Разрабатывать и развивать бэкенд платформ Компании и мобильных приложений (новые фичи...Опыт работы с технологиями контейнеризации приложений: Docker/Kubernetes. Знание Rest API. Знание Nginx. Python Flask / Node.js. Знание PostgreSql.,ТОО GLOBAL Innotion
Аналитик (Data Analyst),,АО Jusan Bank,Алматы,"...в Python или иных технологий. Очищать и подготавливать выгруженные данные для дальнейшей аналитики. Анализировать данные при помощи Excel, Python или...Высшее образование. От 2-х лет в аналитике данных. Обязательно - SQL, Excel , желательно - MS Power BI, SAP BI, Python.",АО Jusan Bank
QA Manual инженер / стажер,,ЧК ITS PARTNER LTD.,Алматы,"Проект Arlo представляет собой систему домашнего видеонаблюдения, эволюционирующую в полноценную систему Smart Home, стартовал шесть лет назад и находится на...При успешном прохождении стажировки, стажер уже имеет работу и знания по проекту и технологиям. Практика англ.яз. Опыт в проекте, ориентированном...",ЧК ITS PARTNER LTD.
Python developer,,Chocofamily,Алматы,"Работа с Rest API для интеграции с другими системами (внешние, внутренние). Плотная работа с данными в SQL через django-orm...Требования к знаниям и навыкам: Уверенный опыт работы с Django, FastAPI, DRF, Django-ORM, Git, Swagger или PostmanCollection, Celery, Redis.",Chocofamily
Senior DevOps in Blockchain Startup,315000 – 860000 руб.,Петухова Алия,Алматы,"Разработка и тех. обслуживание за счет внедрения инструментов, которые автоматизируют работу и улучшат процесс разработки. Автоматизация delivery-процессов и capacity...Опыт работы с крупномасштабными распределенными средами. Опыт разработки с помощью Go, Python или других языков. Опыт работы с Docker, Kubernetes...",Петухова Алия
Senior Python Developer,,ТОО Prime Source,Алматы,"Посещение регулярных встреч для обсуждения текущей работы и будущих целей наших проектов.В связи с активным ростом и развитием, открыта позиция Senior Python разработчика в зарубежный проект, который способен брать ответственность за...",ТОО Prime Source
Data Analyst (Middle/Senior),,inDriver,Алматы,"Сбор, анализ и обработка внутренних данных. Составление и подготовка статистической отчетности по запросам от отделов. Аналитика и прогнозы. Базовые знания теории вероятностей, математической статистики, линейной алгебры. Знания Python, SQL. Знания основных продуктовых метрик (LTV, ARPU, Retention и т...",inDriver
Data Analyst - Metasearch,,KIVORK,Алматы,"Анализировать данные и составлять отчеты. Преобразовывать большие массивы данных в инсайты посредством дэшбордов. Проводить углубленный анализ в метапоиске для понимания...Ответственность и инициативность. Коммуникативные навыки, умение работать в команде. Опыт с Google Analytics, Google Tag Manager. Знание Python. Знание SQL.",Можно работать из дома
Разработчик,,"Евразийский банк, АО",Алматы,Разработка голосовых роботов на базе искусственного интеллекта. Поддержка работы голосовых роботов. Формирование отчетности по результатам обзвона голосовыми роботами. Опыт в разработке на любом языке программирования. Базовый уровень Python / Java. Знание MS SQL. Уровень английского - средний и выше.,"Евразийский банк, АО"
Middle Data Engineer/Команда Подготовки онлайн данных,,"Kaspi Bank, АО",Алматы,"Подготовка удобных для использования онлайн событий для систем принятия решений. - Оптимизация процессов по генерации событий.Требуемый опыт работы: 1–3 года. - Хорошее владение Python 3.6. - Опыт работы с библиотеками: datetime, os, configparser, cx_Oracle, confluent_kafka...","Kaspi Bank, АО"
Data-инженер,,Kolesa Group,Алматы,"Анализ первоисточников (MySql, MongoDb, ElasticSearch, API). Разрабатывать и поддерживать ELT/ETL-процессы (Python, SQL, Airflow). Оптимизация запросов (SQL). Опыт работы с базами данных. Хороший уровень знания языка запросов SQL и Python. Понимание как устроена Хранилища данных и объектно...",Kolesa Group
MLOps Backend-разработчик,800000 – 1200000 KZT,Kolesa Group,Алматы,"Обеспечивать мониторинг и отказоустойчивую работу сервисов. Поддерживать и рефакторить инфраструктуру на Python (FastAPI, Tornado). Писать и поддерживать автотесты. Уверенное знание хотя бы одного языка программирования (Python, PHP, Go, C#, Java или другого). Опыт работы с бэкендом и инфраструктурой...",Kolesa Group
Data аналитик/Риск-менеджер,,АО Банк ЦентрКредит,Алматы,"Бизнес аналитика при внедрении проектов. Поиск, анализ и внедрение инструментов противодействия мошенничеству в розничном кредитовании. Работа с данными. ...математики, IT сфера, финансы. Желателен опыт работы в банковской сфере не менее 2-х лет. Знание SQL, Python, продуктов SAS.",АО Банк ЦентрКредит
Программист по обеспечению качества ПО,300000 – 550000 KZT,ТОО Suretter Software (Суреттер Софтваре),"Алматы, Байконур","Выполнение ручных (manual) и автоматических (automated) тестов. Анализ, регистрация и описание полученных результатов. Коммуникация с заинтересованными лицами (внутренняя/внешняя). Знание и базовый опыт программирования на C/C, Java, Python и т.п.. Знание английского языка (в основном – хорошее умение...",ТОО Suretter Software (Суреттер Софтваре)
Senior Backend-разработчик,до 1500000 KZT,ТОО Relog.kz,"Алматы, Абая","Писать сервер на javascript, Meteor, NodeJS, Go (но язык для нас не самое главное, главное - какой ты инженер). Опыт работы над высоконагруженными проектами. Желание разрабатывать ядро продукта. Знание других языков программирования GO/Python.",ТОО Relog.kz
Преподаватель языков программирования,до 400000 KZT,ТОО 2дэй академи,"Алматы, Москва",Подготовка методического материала по выбранному языку программирования. Обучение программированию. Контроль успеваемости и выполнения заданий. Предоставление обратной связи ученикам.Знание теории Алгоритмов и структуры данных. Знание синтаксиса языка программирования. Знание архитектуры приложений. Понимание жизненного цикла разработки программного обеспечения.,ТОО 2дэй академи
Tech Lead Python разработки,от 1000000 KZT,ТОО MyCar Group,"Алматы, Алатау",Выстраивать процессы разработки. Наим сотрудников. Разработка плана развития тех. направления. Обеспечение стабильной работы системы. Контроль качества. Внутреннее тех. развитие сотрудников. Опыт работы с микросервисной архитектурой/монолитной системой. Сильный background python. Опыт работы с Django/DRF/FastAPI. Опыт работы с Celery...,ТОО MyCar Group
Product/Data Analyst (Middle),,KIVORK,Алматы,"Проверять гипотезы (формирование, тестирование, оценка результата). Составлять отчеты и анализировать динамику ключевых метрик продуктов. Разрабатывать метрики, которые помогут определять успех...Понимать, моделировать и анализировать LTV, ROI, ARPU, retention, churn и др. Опыт автоматизации процессов аналитики (Python/R). Умение проводить А...",Можно работать из дома
Python Developer,,ТОО Globerce Inc.,Алматы,"Разработка web части сайтов на Django. - Разработка REST сервисов на DRF. - Разработка async сервисов. - Разработка клиентов для работы со сторонними...Знание PEP8 и понимание для чего он нужен. — Понимание The Zen of Python. — Умение, и главное, желание создавать pythonic...",ТОО Globerce Inc.
Lead Data Analyst,,KIVORK,Алматы,"Управлять командой аналитиков данных. Управлять системами данных и обеспечивать качество и целостность данных для поддержки бизнеса. Моделировать, извлекать и анализировать...Опыт управления командой аналитиков. SQL - на продвинутом уровне. Знание Python. Опыт разработки и поддержки дашбордов с использованием BI-инструментов (Power...",Можно работать из дома
Ведущий инженер по данным,,ТОО One technologies,Алматы,"...новых объектов в DWH. Разработка ETL-пакетов для автоматизации миграции данных. Разработка DAG's и сервисов(микросервисов) с помощью Python....будет плюсом (продукты экосистемы Apache Hadoop и др.). Отличные знания: Python, SQL, NoSQL, Message brokers, BI. Опыт работы с Linux.",ТОО One technologies
Middle Python Developer for CloudLinux OS [Remote],,Cloud Linux,Алматы,"Investigating issues reported by our clients, partners or support team. Communication with our 3rd level support team to provide...3 years of experience with Python. Basic algorithms and data structures. Good knowledge of SQL. Experience in system programming for...",Можно работать из дома
ML-инженер/разработчик NLP,,"ALSECO, АО",Алматы,"Предобработка текста, классификация и кластеризация текста, выявление интентов, тематическое моделирование. Полный цикл разработки моделей: от детализации задачи и подготовки данных...Знание теоретических основ и опыт практического применения статистических моделей и методов машинного обучения. Опыт разработки на Python или R, владение...","ALSECO, АО"
Стажер DevOps,,"ТОО Epam Kazakhstan (Эпам Казахстан),ТОО",Алматы,"Средства сборки (Maven, Ant, NPM, Gradle). Мониторинговые системы (Grafana, Zabbix и др.). Системы управления конфигурациями (Ansible, Paker, Puppet и др.).Знание OC Linux/ Windows и понимание основ Networking. Владение скриптовыми языками (Bash, Python, PowerShell и др.) и умение писать базовые...","ТОО Epam Kazakhstan (Эпам Казахстан),ТОО"
Главный IT специалист,,"HALYK FINANCE, дочерняя организация АО Народный банк","Алматы, Алатау","Написание программного кода в рамках задач компании.Высшее техническое образование. Знание языка программирования общего назначения, желательно Java или Python. Желателен опыт работы с Maven/gradle.","HALYK FINANCE, дочерняя организация АО Народный банк"
Data Engineer,,АО Народный банк Казахстана,Алматы,"Опыт написания скриптов на различных языках программирования, например написание bash-скриптов в UNIX или программирование на Python. Опыт использования технологий...",АО Народный банк Казахстана
Data Scientist,,АО Банк ЦентрКредит,Алматы,"Решать бизнес-задачи с помощью анализа данных и машинного обучения. Проводить поиск, выгрузку, статистический анализ и обработку данных. Уверенное владение Python и основными ML-библиотеками (numpy, pandas, sklearn, lightgbm и т.п.). Понимание классических методов и алгоритмов машинного...",АО Банк ЦентрКредит
Python Developer,,Improvado,Алматы,"We collect data from third-party APIs. We conduct QA of this data. Let the client visualize and view this...Experience in commercial development in Python (Django) from 3 years (OOP, multithreading), ideally - experience in developing a system that works...",Improvado
Разработчик RPA (Python),,АО Народный банк Казахстана,Алматы,"Автоматизация процессов с использованием технологии Robotic Process Automation (RPA). Автоматизация тестирования. Проведение тестирования роботизированных процессов.Опыт реализации RPA процессов либо автоматизации бизнес-процессов. Опыт программирования на языках Python, СУБД PL/SQL. Опыт работы в программировании...",АО Народный банк Казахстана
Data Аналитик,,АО Aitas KZ,Алматы,"Анализ существующих процессов компании для оцифровки и автоматизации. Подключении/анализ новых источников данных. Создания ТЗ для витрин. Совместная и индивидуальная...Уверенное владение MS Office c акцентом на MS Excel, MS PowerPoint. Знание/опыт работы на Python. Знание/опыт работы с...",АО Aitas KZ
BI Аналитик,,АО Aitas KZ,Алматы,"Максимальная автоматизация работы с источниками информации, поступающими как извне, так и изнутри. Постановка задач и участие в подготовке данных/витрин...Приветствуется знание и опыт программирования на Python. Приветствуется умение использования и настройки инструментов для работы с большими массивами данных и...",АО Aitas KZ
Data Scientist,,ТОО Мобайл Телеком-Сервис (Объединенная Компания Tele2/ALTEL),Алматы,"Визуализацией данных для быстрого понимания имеющихся результатов и будущих тенденций. Формулированием гипотез по улучшению конкретных бизнес-метрик за счет изменения......реляционным и реляционным базам данных (Oracle). Владение Git. Владение инструментами анализа данных, библиотеками машинного обучения на языке Python. Желание учиться.",ТОО Мобайл Телеком-Сервис (Объединенная Компания Tele2/ALTEL)
Python разработчик,,"АО Банк Хоум Кредит, ДБ АО",Алматы,"Разработка и поддержка чат решений на базе искусственного интеллекта. Разработка и поддержка чат ботов на базе Mluvii и Telegram. Знание Python, Oracle SQL, PL SQL. Опыт работы с веб сервисами (Rest, SOAP). Понимание принципов работы NLP, NLU, DS&ML.","АО Банк Хоум Кредит, ДБ АО"
Python разработчик,,"Bank RBK, АО",Алматы,"Команда и процессы: Гибкие методологии (Scrum или Kanban). CI CD автоматизированы. Совместная работа с беклогом, Unit tests, code review и...Опыт создания приложений и разработки API на Python, используя веб-фреймворки и библиотеки (Django или Asyncio /FastAPI и др.).","Bank RBK, АО"
Data Engineer,,ТОО Мобайл Телеком-Сервис (Объединенная Компания Tele2/ALTEL),Алматы,"Реализация обмена данными в гетерогенных средах средствами python/Airflow. Поддержание документации по процессам ETL/ELT, сущностям и объектам DWH в......M строк в запросе). Отличные коммуникативные навыки. Желательно опыт работы с Airflow. Опыт реализации высокопроизводительного извлечения/загрузки данных средствами python.",ТОО Мобайл Телеком-Сервис (Объединенная Компания Tele2/ALTEL)
Data Analyst в направление Data Office,,ТОО Мобайл Телеком-Сервис (Объединенная Компания Tele2/ALTEL),Алматы,"Анализировать экономический потенциал новых сервисов и продуктов. Продумывать структуру метрик для оценки различных инициатив и проектов. Разрабатывать сложные или быстрые...Опыт в аналитике от 1 года. SQL и Python - уверенное владение. A/B тесты: знание статистики, лежащей в основе(методы...",ТОО Мобайл Телеком-Сервис (Объединенная Компания Tele2/ALTEL)
Эксперт по анализу BI,,"Beeline, ТМ",Алматы,"Разработка автоматизации процессов сборки, обработки данных посредством Python. Решение инцидентов по отклонениям и расхождениям данных в рамках процессов поддержки, устранение...Практический опыт работы с ETL/ELT инструментами (опционально). Знание SQL выше среднего. Знание Python (опционально). Опыт в разработке и формированию...","Beeline, ТМ"
Python Developer,,Andersen,Алматы,Must-haves: Commercial experience in development using Python for 3 years. Knowledge of and experience with Django framework.,Andersen
Team Lead Python разработки,,ТОО MyCar Group,"Алматы, Алатау","Управление командой из 5 python разработчиков. Разработка архитектуры проекта, решение самых сложных багов. Помощь в организации работы с инцидентами на...Опыт промышленной разработки на Python от 5 лет, знание экосистемы языка, Pythonic Code. Хорошее знание паттернов проектирования, структур данных и...",ТОО MyCar Group
Риск-менеджер/Data Scientist,,АО Банк ЦентрКредит,Алматы,"Анализ данных и мониторинг риск-показателей. Разработка и валидация моделей. Сбор витрин для моделей и аналитических отчетов. Разработка аналитических решений...Моделирование на одном из инструментов: Python, SAS base, SAS EM. Умение разрабатывать витрины для моделирования и знание pl sql на...",АО Банк ЦентрКредит
Преподаватель программирования,100000 – 300000 KZT,ТОО Тереной,"Алматы, Сайран","Проведение групповых уроков по программированию с любой точки Казахстана и мира. Своевременное проведение пробных и регулярных уроков на платформе ZOOM...Знание языка Python. Образование: высшее. Свободное владение компьютером. Знание инструментов Google/Microsoft Office(Excel, Docs, ect), Zoom, Google Meets.",ТОО Тереной
Middle Python Developer,,ТОО EA Group Holding,Алматы,Выдвижение и проверка гипотез для ускорения и увеличения сбора. Предложения по архитектурным улучшениям системы. Подбор оптимальных метрик для измерения скорости...Опыт разработки на Python - не менее 2 лет. Опыт написания парсеров.,ТОО EA Group Holding
ETL разработчик,,"Beeline, ТМ",Алматы,"Устанавливать, настраивать и поддерживать в рабочем состоянии распределенное ПО для обработки данных. Настраивать потоки данных в распределенное хранилище данных Hadoop...Java/Scala/Groovy/Python- Хороший опыт программирования на одном из языков (знание нескольких языков будет плюсом). Знание/понимание того, как...","Beeline, ТМ"
Архитектор данных,,ТОО MAGNUM. Проектный офис/Жобалау кеңсесі,Алматы,"Цель должности: подготовка, очистка данных, построение пайплайнов обмена и передачи данных, планирование и построение архитектура КХД и облачного хранилища, автоматизация......чистка, обработка с использованием SQL и Python. Отличные навыки работы с данными в Python при помощи pyspark. Практический опыт от...",ТОО MAGNUM. Проектный офис/Жобалау кеңсесі
Middle Data Engineer,,Playrix,Алматы,"Подготовка источников данных для заказчика - маркетинг и игровая аналитика. Разработка конвейера поставки данных - Python-таски для трансформации и валидации данных. Отличное знание Python, опыт разработки на нем, умение читать и анализировать чужой код. Навыки написания и оптимизации SQL запросов, готовность...",Можно работать из дома
Разработчик ETL процессов,,АО Народный банк Казахстана,Алматы,"Разработка требований к качеству данных и применения процедур Data Quality. Анализ причин ошибок в коде/мэппингах. Написание оптимальных аналитических запросов. Опыт работы с PostgreSQL, Greenplum от 1 года. Знание Python, R. Опыт работы с BI инструментами Power BI/Qlik Sense.",АО Народный банк Казахстана
Senior Python Developer,,Новео,Алматы,"Regular promotion based on the results of performance review. Code review in every project.Great knowledge and skills of Python, Django or Flask framework development. Production experience at least 1 year or more.",Можно работать из дома
DevTestOps Еngineer,,"Beeline, ТМ",Алматы,"Планирование, проектирование, создание сценариев разработки. Подготовка соответствующих инструментов. Внедрение автоматизации. Участие в разработке сервисов и приложений. Обеспечение бесперебойной работы инфраструктуры...Опыт работы Devops engineer от 1 года. Практический опыт построения CI/CD в GitLab. Понимание TestOps-практик культуры и тулинга.","Beeline, ТМ"
Разработчик Big Data,,"Beeline, ТМ",Алматы,"Проектирование, разработка, внедрение, автоматизация программного обеспечения для развития и поддержания работоспособности проектов/продуктов Big Data. Автоматизация процессов построения и обновления...Опыт разработки на C/Java/Scala/Python от 2 лет. Опыт работы с реляционными и NoSQL базами. Хорошее знание SQL...",Можно работать из дома
Программист,,ТОО Caspian Offshore Construction Realty,Алматы,"Разработка решений по автоматизации. Доработка существующих решений и разработка новых. Автоматизация внутренних и внешних процессов.Высшее образование. Владение PHP, Python, СУБД.",ТОО Caspian Offshore Construction Realty
Разработчик ETL,,DIS Group,Алматы,"Участие в проектной деятельности в качестве разработчика интеграции и разработчика DWH с использованием продуктов Informatica Power Center, Data Quality, Power...Опыт работ с Oracle DB, Greenplum, Arenadata. Опыт работы с Apache Airflow, Apache NiFi . Опыт работы на Python.",DIS Group
Python разработчик (ментор),130000 – 180000 KZT,ТОО itcbootcamp ( айтисибууткэмп),Алматы,"Обучение студентов, проведение занятий. Проверка домашних заданий. Улучшение программы обучения. Проектирование ПО. Разработка телеграм ботов. Система контроля версиями - GIT.Владение языком программирования Python на профессиональном уровне. Опыт разработки на Python от 2 лет. Опыт в программировании. Алгоритмы и структуры...",ТОО itcbootcamp ( айтисибууткэмп)
Python Developer,,ТОО InformConsulting,"Алматы, Москва","Разработка интересных проектов с нуля в команде. Клиенты различных внутренних сервисов (админки и дэшборды). Веб-приложения для новых продуктов компании. Опыт разработки на Python от 3-х лет. Опыт работы с PostgreSQL, MySQL, MongoDB. Знание Django и/или Flask.",ТОО InformConsulting
Integration Engineer/DevOps Engineer,от 250000 KZT,ТОО Софит Ко,Алматы,Знание любого языка программирования на. Среднем уровне (Javascript/Python будет. Плюсом). Опыт работы с базами данных  знание SQL на.,ТОО Софит Ко
Преподаватель Python,,ТОО JustCode,Алматы,"Обучение программированию на языке Python, основной упор в курсе на backend разработку на фреймворке django. Проверка ДЗ учеников.Python 3.7. Знание теории алгоритмов и структуры данных. Знание синтаксиса языка программирования Python. Framework Django на достаточном уровне, чтобы...",ТОО JustCode
Python (Django) / Node.js Backend Developer,300000 – 800000 KZT,ТОО Arcana Inc.,Алматы,"Поднимать Backend приложения на Python (Django) и на Node.js. Обучать молодых специалистов и направлять их. Делать код ревью. Опыт работы более 3 лет. Умение подавать материал молодым специалистам. Опыт работы с Docker, Kuber. Умение настраивать CI/CD.",ТОО Arcana Inc.
QA Engineer,1000 – 2500 USD,ИП КАПТАГАЕВ М.Т,Алматы,"THE COMPANY. At Star, we connect strategy, insights, design and engineering into a seamless workflow devised to support our clients...Basic experience with linux (terminal commands).  Ability to write simple automation scripts in any language (JS or Python preferable); and.",ИП КАПТАГАЕВ М.Т
Fullstack-разработчик (React/Vue/Python),300000 – 800000 KZT,ТОО Regnote,Алматы,"Regnote - веб приложение, позволяющее медицинским клиникам вести весь учет процессов, записей, материалов в одном месте, так же пациенты могут записаться...опыт работы с Vue.js или React. - опыт работы с одной из популярных СУБД (MySQL, PostgreSQL, MongoDB). - опыт работы с Python...",ТОО Regnote
Developer,до 350000 KZT,ТОО PHONETIC,"Алматы, Москва",Разработка ветки диалога в системе. Создание правил распознавания. Скрипт-дизайнер даёт алгоритм построения разговора. После чего требуется с...Python. Django/Flask/FastAPI [один из фреймворков]. Регулярные выражения. Изучить API партнёра в процессе работы. Английский̆ язык.,ТОО PHONETIC
Technical support engineer (2nd line),,Weigandt-consulting,Алматы,"Incidents, tasks, and problem resolution. Collecting, preparing, and cleansing of data for incidents following the instructions. Documentation of already realized......and understand the logic of program components written on Java, Pro*C, Linux shell (KSH, Bash, etc.), PL/SQL, Python.",Можно работать из дома
DevOps-инженер,,ТОО AVIATA.KZ,Алматы,Одна из лидирующих компаний в области бронирования и продажи авиа и жд билетов в Казахстане. Мониторинг и обслуживание продакшн инфраструктуры. Знание Git и Gitlab CI/CD. Умение писать скрипты на bash и python. Опыт работы в Agile команде.,ТОО AVIATA.KZ
Go Developer,от 720000 KZT,ООО Solutions Factory Consulting,Алматы,"...с time-series данными. End to end тестирование с помощью Cypress. Интерес к машинному обучению с использованием TensorFlow, Python, Keras.Требуемые навыки: Высшее техническое образование. Знание английского языка (письменного и устного) на уровне не менее intermediate, желание совершенствовать знания.",ООО Solutions Factory Consulting
Senior Power BI Developer,от 3500 USD,ИП Николаев Артем Николаевич,Алматы,"This Senior SQL/Power BI Developer position will be responsible for producing variety of reports, dashboards, metrics, and Key Performance...Experience with programming languages like Python. Must have: MINIMAL level of English Pre-Advanced (B2) and higher - MUST.",ИП Николаев Артем Николаевич
Go (Golang) Backend Developer,до 2000000 KZT,evrone.ru,Алматы,"Влиться в одну из существующих команд разработки и участвовать в разнообразных проектах компании. Премии за привлечение новых сотрудников и новых...Мы хотим видеть в вас: Знания, опыт коммерческой и командной разработки на Golang от 2-3 лет. Опыт использования баз...",Можно работать из дома
MDM Аналитик (Master Data Management),,АО Aitas KZ,Алматы,"Основная задача – сбор и анализ данных из разных источников, работа напрямую с данными, участие в проектах по автоматизации процессов, проработке...Знание SQL (MS SQL/ PostgreSQL). Опыт разработки ETL процессов. Знание Python (будет преимуществом). Опыт участия в проектах построения корпоративных хранилищ...",АО Aitas KZ
Senior Data Engineer,,ТОО Мобайл Телеком-Сервис (Объединенная Компания Tele2/ALTEL),Алматы,"Участие в разработке и реализации архитектуры Единого Пространства. Данных компании. Обеспечение доступности данных в регламентные сроки. Обеспечение качества данных, разработка...Знания и опыт реализации моделей данных Star, Snowflake, Data Vault. Знания python, Java и/или Scala. Опыт работы со стеком...",ТОО Мобайл Телеком-Сервис (Объединенная Компания Tele2/ALTEL)
"Стажер Backend разработчик (Junior, intern)",,ТОО GLOBAL Innotion,Алматы,"Участие в разработке веб-приложений. Разрабатывать и развивать бэкенд платформ Компании и мобильных приложений (новые фичи, доработка текущих, работа над...Знание ООП. Знание Rest API. Знание языка Python или Node.js. PostgreSql. Будет плюсом знание МоngoDB. Желание много работать и развиваться.",ТОО GLOBAL Innotion
Программист-стажер,,ТОО Globerce Inc.,Алматы,"Программирование, разработка. Web инженер.Базовые знания необходимых в работе технологий и языков программирования : Python (Django), Java(Spring), JavaScript, HTML, CSS, ReactJS). Опыт создания программ...",ТОО Globerce Inc.
Middle+/Senior Data Scientist,,"Beeline, ТМ",Алматы,"Data Scientist, который будет заниматься проведением аналитических работ в своем направлении, построением прогнозов и прогнозных моделей, а также выявлять проблемы...Требования: Высшее образование, желательно математическое/ ИТ / экономика / статистика. Знания Excel, SQL, python (обязателен уровень не ниже middle) и библиотек для...","Beeline, ТМ"
Senior Go Developer,от 1000000 KZT,ООО Solutions Factory Consulting,Алматы,"...с time-series данными. End to end тестирование с помощью Cypress. Интерес к машинному обучению с использованием TensorFlow, Python, Keras.Требуемые навыки: Высшее техническое образование. Знание английского языка (письменного и устного) на уровне не менее intermediate, желание совершенствовать знания.",ООО Solutions Factory Consulting
Data Analyst,,АО Казахтелеком,Алматы,"Оперативное и качественное обеспечение первичными данными в целях формирования отчетности для принятия управленческих решений. Разработка, формирование и автоматизация регулярных процессов......работы в данной должности: Qlik Sense, Oracle SQL / PL SQL, Python (в т.ч. pandas,beautiful soup), SAS Visual Analytics...",АО Казахтелеком
Web-аналитик,,ТОО NetBet (НэтБэт),Алматы,"Разработка и реализация маркетинговой аналитической стратегии. Развитие системы и иерархии маркетинговых метрик. Повышение эффективности и рентабельности маркетинга на всех стримах...Опыт построения сквозной аналитики. Знание SQL, Python. Желателен опыт работы с Google Analytics, BigQuery AppsFlyer, Firebase, Tableau, Google DataStudio.",ТОО NetBet (НэтБэт)
Аналитик стратегии сбора,от 500000 KZT,ТОО МФО ОнлайнКазФинанс (ТМ Solva),Алматы,"В связи с активным ростом холдинга и возникновении в потребности новых кадров, у нас открыта вакансия в компанию Moneyman «Аналитик...Уверенное знание SQL, Excel. Знание процессов Collection(взыскание задолженности). Профессиональный менеджмент и команда, готовая делится опытом, идеями и вдохновлять.",ТОО МФО ОнлайнКазФинанс (ТМ Solva)
DevOps Engineer,,inDriver,Алматы,"Микросервисная архитектура, разработка на Go. DevOps и SRE практики. Ansible, Kubernetes, Helm, Kafka, NATS, TeamCity, Redis, MySQL, ClickHouse, ELK stack...Опыт использования Ansible и написания ролей/плейбуков. Знание одного из языков программирования (Python, Go). Опыт поддержки высоконагруженных сервисов.",Можно работать из дома
Head of Analytics,,KIVORK,Алматы,"Управлять несколькими командами аналитиков. Внедрять процессы валидации аналитики. Формировать аналитические репорты и технические решения на уровне компании. Курировать проекты по...Большой опыт в автоматизации аналитических процессов (Python/R). Умение реализовать процесс валидации данных. Опыт работы как с веб-, так и...",Можно работать из дома
Middle Software Engineer,,ТОО MAGNUM. Информационные технологии/Ақпараттық технологиялар,Алматы,"Развитие и поддержка существующего хранилища данных. Поиск, извлечение и исследование данных в автоматизированных системах. Cоздание и доработка ETL процессов загрузки...Это будет плюсом! Знания Kafka, Elastick Seach, Kibana, Python. Опыт работы с BI-инструментами (PowerBI, Tableau, Qlick или другими).",ТОО MAGNUM. Информационные технологии/Ақпараттық технологиялар
Middle/Senior Go Developer,350000 – 1300000 KZT,ТОО One technologies,Алматы,"Разрабатывать новые и улучшать существующие сервисы. Активно участвовать в процессе разработки, от проектирования архитектуры до релиза. Способность самостоятельно выполнять задачи.Будет плюсом:  Опыт в DevOps, CI/CD.  Опыт разработки на Java, Objective-C, C/C, C#, Python.  Знание и опыт...",ТОО One technologies
Senior risk modeling analyst,,ТОО Микрофинансовая организация KMF(КМФ),Алматы,"Разработка скоринговых моделей. Обновление и валидация текущих моделей. Поддержка процесса одобрения автокредитования. Аналитика риск правил. Оптимизация и усовершенствование процессов кредитования.Опыт работы в ИТ-сфере или рисках на аналогичной позиции не менее 2 лет. Владения ПК: Навыки SQL запросов, Python...",ТОО Микрофинансовая организация KMF(КМФ)
Kernel Developer [Remote],,Cloud Linux,Алматы,"Update of existing kernels including security fixes and CVEs patches. Analyse kernel crash dumps from clients server. Support and development...Desired: Knowledge of virtualization technologies internals(h/w virtualization, paravirtualization etc.). Experience with python, shell scripting. Experience with Jenkins.",Можно работать из дома
Cloud Engineer for Release Engineering Team [Remote],,Cloud Linux,Алматы,"Maintain and create GNU/Linux OS images like AlmaLinux, CloudLinux, Debian and Ubuntu. Maintain and create optimized images for web...Experience with Containers (Podman, Docker). Experience with Git. Basic Python programming skills. English - intermediate and higher. Experience with Public (AWS...",Можно работать из дома
Software Development Engineer in Test (SDET),,ЧК ITS PARTNER LTD.,Алматы,"Design, develop, and execute automation tests. Verify developer stories, analyze requirements and cover them by tests. Build an automation framework...5 years in test automation using Python and any modern framework (Robot Framework is preferred). Experience in RESTAPI testing.",ЧК ITS PARTNER LTD.
С/С++ developer for CloudLinuxOS Project (Remote),,Cloud Linux,Алматы,Debugging of services. Creating patches and supporting modules for Apache. Creating patches and supporting MySQL/MariaDB services. Preparing and making...Shell scripting is a plus. Knowledge of Python is desirable. Able to read code. Ability to read and write in...,Можно работать из дома
Senior C Developer for popular open source projects,,Cloud Linux,Алматы,"Work on various open-source projects like Apache httpd, Python, OpenSSL, etc. Backport security and bug fixes from newer upstream...You have experience with git-based development processes. Python, Perl or other scripting language knowledge will be a...",Можно работать из дома
Senior Backend developer (Remote),3000 – 4500 USD,ООО РОДЖИИ ЕВРОПА,Алматы,"Разработка облачного сервиса для компании Роджии. Участие в проектировании и разработке смежных компонент (облачные модули, вычислительные модули, графика и др.).Знание Spring. Отличное знание одного из языков программирования: C, Python, C#, Kotlin, Javascript. Знание ORM. Опыт миграций БД.",Можно работать из дома
Intern/Business Analyst – IT Audit Group – Risk Advisory,,"Deloitte, Caspian Region","Алматы, Абая","Assist in analysis large amounts of financial data using modern data analytics tools. Assist in obtaining an understanding of the...Experience working with analytics and data management platforms such as Power BI, Tableau, Qlik, Python, R or SQL.","Deloitte, Caspian Region"
Веб-разработчик (веб-программист),от 400000 KZT,ТОО SMARTNET,Алматы,"...прочие web-инфосистемы SMARTNET). Работы со скриптами, написанные на PHP, Bash и Python. Веб-разработка и поддержка сайтов нашей компании.Обеспечение полного цикла собственной разработки бизнес-процессов в Bitrix24 и дальнейшего технического обслуживания (оценка, разработка, тестирование, поддержка, обучение).",ТОО SMARTNET
Senior System Engineer (Admins Team),от 3300 USD,Semrush,Алматы,"Они кросс-функциональны и сами отвечают за свой продукт. Пишут на Python, Java, Go. Приложения деплоят через Gitlab и мониторят...OS: Debian. IaC: Terraform, Ansible, Puppet, Packer. Databases: PostgreSQL, MySQL, ClickHouse, MongoDB, Redis. Уметь всё-всё необязательно. Понимаем, что можно...",Можно работать из дома
"Data Developer with Matillion Experience, Stock Exchange",,DataArt,Алматы,"CLIENT. This London-based client is one of the world's most established stock exchanges. DataArt is working with multiple...Java 1.7-1.8, Maven, Spring Boot/Security/Data/etc Git (BitBucket); database part: Snowflake, AWS, Matillion, Python; UI...",DataArt
Senior Support Engineer - CloudLinux Specialized Team [Remote],,Cloud Linux,Алматы,"Give world-class support to worldwide customers. Work closely with developers, troubleshooting, bug-fixing, and issue-tracking. Engage directly with...Excellent written English and we’ll help you improve it. Basic knowledge of Python to debug CloudLinux components with more...",Можно работать из дома
"DevOps Engineer (AWS, Kubernetes), Financial Analytics System",,DataArt,Алматы,"Experience with container networking on Docker. Experience with application deployment by using CI/CD.Experience with AWS services (EC2, VPC, CloudWatch, CloudFront, Lambda). Experience in Python scripting for automation and administration tools.",DataArt
Middle AWS/C# developer (Fraud Control Team),,Access Softek (ИП Гурфинг Михаил Григорьевич),Алматы,"Writing high-quality code with sufficient test coverage. Creating automated unit and integration tests for verifying proper service behavior. Full-stack development experience (C#, MSSQL, ASP.NET, Redis, RabbitMQ, TypeScript/JavaScript, React, etc). Any Java/Scala/Python experience.",Можно работать из дома
Frontend Developer (Angular) в FinTech,до 2000000 KZT,evrone.ru,Алматы,"Из ближайших задач - это проектирование и реализация юзер-интерфейсов во внутренних инструментах и библиотеках. Проектирование технический интерфейсов, разработка SPA и...Cтек проекта: Angular7, Typescript, JavaScript, HTML5, CSS3. Мы хотим видеть в вас: Вы работали с JS-фреймворками...",evrone.ru
"BI Consultant, Accounting Advisory Services, Consulting",,ТОО KPMG,Алматы,"In-charge role/assisting in project management/execution. Quality control of all deliverables prepared by engagement team.Knowledge of PL / pgSQL, Redis, Apache Kafka. Experience in Python development, knowledge of the Django framework. Experience in developing REST...",ТОО KPMG
Intern/Consultant 1 – Financial Risk Management – Risk Advisory,,"Deloitte, Caspian Region","Алматы, Абая","Development of Expected Credit Loss models for different asset types and advising on credit risk policies. Applying mathematical and statistical...Willingness to acquire professional certifications such as FRM, CFA, and actuarial certifications. Good knowledge of Excel, R/Python is an...","Deloitte, Caspian Region"
IAM specialist,,inDriver,Алматы,"Администрирование систем управления идентификацией и аутентификацией. Своевременная создание и отключение учетных записей пользователей и разрешений на доступ. Выявление рисков и...Понимание принципов построение частных и публичных “облачных” инфраструктурных решений (IaaS, PaaS, Saas и др.). Опыт разработки скриптов на Python, PowerShell...",inDriver
Senior Consultant – Financial Risk Management – Risk Advisory,,"Deloitte, Caspian Region","Алматы, Абая","Mentoring and supervising the work of junior staff. Analysing and keeping track of the regulatory changes in risk management. Graduates preferably in Finance / Economic / Accounting. Good knowledge of Excel, R/Python. Competence in modeling and forecasting. Good understanding of...","Deloitte, Caspian Region"
Middle/Senior Go Developer,,DataArt,Алматы,"CLIENT. Our client provides process automation, increasing process reliability, deployment velocity, development velocity and quality. TEAM. The project team consists...3 (4 for Senior level position) years of development experience with Go 1.18. Understanding Go's concurrency mechanisms.",Можно работать из дома
Full-Stack Developer (Technology Consulting),,ТОО KPMG,Алматы,"Participation in development of required applications and tools, i.e. internal tools, enablers, client products. Participation in consulting projects as...Preferrable technical track of records: C#, .NET, SQL, JavaScript, Angular JS, Python. Understanding of basic secure development principles.",ТОО KPMG
Technical Solutions Engineer (Almaty/Nur - Sultan),,ТОО МЕДИАМОНКС КАЗАХСТАН,Алматы,"Build innovative tools on top of advertising and analytics platforms to enhance the capabilities of our account management and specialist...Bachelor’s degree in Computer Science, Software Engineering, IT or equivalent with 1-2 years of experience in web-based...",ТОО МЕДИАМОНКС КАЗАХСТАН
DevOPS engineer (SRE),,ООО РОДЖИИ ЕВРОПА,Алматы,"Создание и поддержка инфраструктуры разработки, CI/CD, мониторинг, ведение логов, администрирование БД, организация бэкапов. Настройка и развёртывание тестовых стендов. Опыт работы с cms (ansible). Опыт работы с AWS. Опыт разработки скриптов (python, bash, go, др.). Опыт администрирования баз данных...",ООО РОДЖИИ ЕВРОПА
Programming Team Lead (С++),,Playrix,Алматы,"Управление командой С программистов (организация, координация, обучение, развитие, оценка результатов работы). Участие в процессе найма и адаптации сотрудников. Опыт работы в игровой индустрии (желательно от 3-х лет). Опыт разработки на С от 3-х лет.",Можно работать из дома
Старший аналитик в управление по риск инновациям,,"АО Банк Хоум Кредит, ДБ АО",Алматы,"Осуществлять анализ данных и программирование на SQL, PL/SQL. Мониторинг производительности скоринговых моделей (PSI). Осуществлять мониторинг системы одобрения кредитных заявок. Отличное знание MS Office, сводных таблиц Excel, Tableau Desktop/Server, PowerBI. Английский выше среднего. Навыки программирования в PL SQL, Python...","АО Банк Хоум Кредит, ДБ АО"
Специалист по поддержке корпоративных приложений,,ТОО EY (Ernst & Young),Алматы,"Содействовать бесперебойной работе серверов и корпоративных бизнес-приложений. Обеспечивать стабильный доступ к информации. Проводить работы по расследованию приоритетных инцидентов, анализировать...Умение писать скрипты на разных языках программирования (PowerShell\Python) для усовершенствования систем мониторинга и автоматизации. Опыт работы с Zabbix, AppDynamics...",ТОО EY (Ernst & Young)
Главный тестировщик,,"Евразийский банк, АО",Алматы,"Составление плана тестирования. Разработка тестовых артефактов. Проведение мануального тестирования АБИС. Работа с БД Oracle (на уровне опытного пользователя). Знание баг-трекинговых систем линейки Atlassian (Jira, Confluence). Базовые знание Python, JS, VBS. Навыки автоматизации процессов тестирования. Навыки работы с...","Евразийский банк, АО"
Ведущий менеджер Управления развития Colvir Департамента Информационных Технологий,,АО Жилищный строительный сберегательный банк Отбасы банк,Алматы,"Уверенное знание английского языка (чтение технических текстов). Хорошее знание Python, объектноориентированное программирование, структуры данных, алгоритмы. Базовое знание HTML, JS, REST...",АО Жилищный строительный сберегательный банк Отбасы банк
Бэк-енд разработчик,,АО Сәтті Жұлдыз,Алматы,"Поддержка текущей функциональности и разработка новой(будет много). Автоматизация работы бэк-офиса и запуск новых продуктов. Интеграция с системами и...Работа с базами данных (SQL, NoSQL). Опыт работы с Rest API, nginx, git, unix. Навыки работы с Python, PHP.",АО Сәтті Жұлдыз
Руководитель направления коллекшн-скоринга/Soft Collection,,АО Банк ЦентрКредит,Алматы,"Разработка коллекшн моделей (Collection Scoring). Разработка стратегий и процесса обзвона. Разработка и трансформация процесса взыскания Soft Collection. Разработка и автоматизация...Знание процесса Skip Tracing. Знание процесса Anti-Fraud. Анализ эффективности взыскания. Знание SAS Base/Miner/Guide, Python, Delta M, ML.",АО Банк ЦентрКредит
Frontend-разработчик,,АО Сәтті Жұлдыз,Алматы,"Разработка интерфейса продуктов, в том числе экспериментальных/нестандартных UI. Кроссбраузерная и кроссплатформенная адаптивная верстка. Работа в команде с дизайнерами и...HTML, CSS, JavaScript. Bootstrap, jQwery, React, XML, Json. Webpack. Навыки в области бэкенда (PHP/Python). Знание Английского языка будет преимуществом.",АО Сәтті Жұлдыз
Golang Developer,,АО Народный банк Казахстана,Алматы,"Опыт разработки сервисов и приложений использованием: C# (.NET Core) / GoLang / Python. Опыт работы с реляционными БД (Oracle, PostgreSQL, MSSQL).",АО Народный банк Казахстана
Главный менеджер Управления розничных кредитных рисков,,АО Altyn Bank,Алматы,"Разработка скоринговых карт, мониторинг скоринговых карт и анализ эффективности их работы. Подготовка аналитических исследований по кредитным продуктам в части рисковой......анализа данных, построения математических моделей. Навыки работы с базами данных и написание сложных SQL-запросов. Опыт работы с SAS, Python..",АО Altyn Bank
Intern in Risk group (Consulting group),,ТОО EY (Ernst & Young),Алматы,"Построение систем управления рисками (в том числе финансовыми) клиента. Количественная оценка кредитного и рыночного риска. Разработка и валидация рейтинговых/скоринговых...К вашим преимуществам будет относиться: Навыки программирования в VBA, C/C, R, Python, SAS, SQL. Прикладные статистические программы (EViews, Stata...",ТОО EY (Ernst & Young)
Full Stack Web Разработчик,300000 – 400000 KZT,ТОО One Corporated,"Алматы, Байконур","Разработка сайтов: лендинги, корпоративные, интернет-магазины. Разработка веб-приложений. Иногда подключаться к разработке CRM/ERP, реестров.HTML, CSS, JS (фреймворки JS плюсом), Json, Bootstrap, PHP, Python. Стоит учесть, что необязательно знать PHP и Python одновременно ).",ТОО One Corporated
Супервайзер по отчетности,,ТОО PepsiCo Kazakhstan,Алматы,"Разработка и тестирование аналитических инструментов (SAP BI/BO; Power BI; Power Query, Python-скрипты, VBA) для автоматизации процесса предоставления отчетов. Высшее образование (предпочтительно информационные технологии, математика). Аналогичный опыт работы: 2-3 года. Опыт управления командой. Понимание общих принципов построение аналитической...",ТОО PepsiCo Kazakhstan
Эксперт в группу рисков (депртамент консалтинга),,ТОО EY (Ernst & Young),Алматы,"Построение систем управления рисками (в том числе финансовыми) клиента. Количественная оценка кредитного и рыночного риска. Разработка и валидация рейтинговых/скоринговых...К вашим преимуществам будет относиться: Навыки программирования в VBA, C/C, R, Python, SAS, SQL. Прикладные статистические программы (EViews, Stata...",ТОО EY (Ernst & Young)
Backend-разработчик Middle,,ТОО Орион Система,"Алматы, Жибек Жолы","Разработка высокопроизводительных серверных приложений.Уверенное владение Python 3, SQL. Знание структур данных и алгоритмов. Знание Web Framework (Django, или Fast API, либо Flash, и...",ТОО Орион Система
Fullstack разработчик,,ТОО Орион Система,"Алматы, Жибек Жолы","Разработка новых и улучшение существующих веб-сервисов. Активное участие в процессе разработки.Уверенное владение Python 3, SQL, Asyncio. Знание структур данных и алгоритмов. Знание Web Framework (Django, или Fast API, Flask, и...",ТОО Орион Система
Database Administrator (Greenplum & PostgreSQL),,ТОО УМНЫЕ ГОРОДА,Алматы,"Поддержка текущих инсталляций DBMS (monitoring, maintenance, etc). Ввод в эксплуатацию новых сегментов Greenplum инстансов Postgresql.Опыт работы с Ansible. Опыт автоматизации работы с помощью Bash/Python. Знание PL/pgSQL. Опыт работы с Kubernetes и Helm.",Можно работать из дома
Senior SysOps Engineer,,Playrix,Алматы,"Наша команда занимается обслуживанием внутренней серверной и сетевой инфраструктуры компании, обеспечением надежной и бесперебойной работы её ресурсов. Администрирование серверов на...Автоматизация процессов администрирования, написание скриптов на bash и powershell. Навыки работы с Python (скрипты автоматизации). Навыки автоматизации разворачивания инфраструктуры (SaltStack...",Playrix
Data Integration Engineer,,"ТОО Epam Kazakhstan (Эпам Казахстан),ТОО",Алматы,"Designing and implementing Data Integration solutions, modeling databases, and contribute to building enterprise data platforms using classic Data technologies and...Experience of coding with on one of the data-oriented programming languages: SQL, Python, SparkSQL, PySpark, R, Bash, Scala.","ТОО Epam Kazakhstan (Эпам Казахстан),ТОО"
Team lead отдела управления данными,,ТОО Микрофинансовая организация KMF(КМФ),"Алматы, Жибек Жолы","Эффективно исполнять роль бизнес-владельца КХД (product owner), планировать развитие КХД в части покрытия текущего и будущего спроса на оперативную...6) умение работать с данными в специализированных ПО приветствуется (MS SQL Management Studio, Tableau, Power BI, Python, R, Eviews и...",ТОО Микрофинансовая организация KMF(КМФ)
Ведущий разработчик Департамента развития и поддержки информационных систем,,АО Жилищный строительный сберегательный банк Отбасы банк,Алматы,"Разработка и сопровождение модулей АБИС Colvir. Разработка Базы данных на СУБД Oracle. Оптимизация запросов в ORACLE....написания больших сложносоставных запросов и процедур, пакетов. Желательные дополнительные навыки: Опыт работы с банковским ПО. Знание языков программирования (Python, Java).",АО Жилищный строительный сберегательный банк Отбасы банк
Technical support specialist ( Instrument Support),от 1000 EUR,EXANTE,Алматы,"Работа над созданием обширной экспертизы в нашем продукте (набор приложений для трейдинга и обширная бекенд часть, обеспечивающая их работу). Понимание устройства финансовых рынков и интерес в данной области. Начальные навыки автоматизации (Python, Bash, работа c REST API).",Можно работать из дома
"Junior / Senior Consultant, Data Sciencist, Technology Consulting Group",,ТОО KPMG,Алматы,"Experience applying advanced analytical techniques to large and varied data sets, generated and flowing at a rapid rate. A combination of one or more of the following (proficient with programming languages like Python, R, Scala, Java, C; skills...",ТОО KPMG
Главный Специалист (Риск-оунер),,АО Банк ЦентрКредит,Алматы,"Составление, сбор и предоставление регулярной отчетности. Подготовка, сбор и предоставление данных. Проведение точечной аналитики по запросу. Процессный анализ и мониторинг...Языки программирования по работе с базами данных (PL/SQL, Python, парсинг форматов XML/JSON). Excel (уверенный пользователь). Знание законодательных и...",АО Банк ЦентрКредит
IT Team Lead / Руководитель группы разработки,,Playrix,Алматы,"Наш отдел занимается разработкой и поддержкой программных продуктов для извлечения, трансформации, выгрузки и анализа данных. На этой позиции вам предстоит...Опыт управления кросс-функциональной командой от 4 лет (6 человек). Опыт построения процессов разработки под специфику продукта. Навыки работы в...",Можно работать из дома
Senior Salesforce Developer,,DataArt,Алматы,КЛИЕНТ. The project is an enterprise SaaS solution that specialises in life and health insurance. Client partners with top-rated...ОСОБЕННОСТИ ПРОЕКТА. ОСОБЕННОСТИ ПОЗИЦИИ. 4 years of development experience with the Salesforce platform. Technical expertise in integrating third-party apps...,Можно работать из дома
Full Stack Developer (Front End),,Частная компания Quantdart Fintech Limited,Алматы,"Play key roles in the design, architect, development and deployment of web and mobile products. Develop mobile application based on...Experience with server-side technologies (e.g. Node.js, Python, Java, MySQL, NoSQL databases). Knowledge of client-side languages (e.g...",Частная компания Quantdart Fintech Limited
"Data Engineer (Azure), Asset Management Solutions",,DataArt,Алматы,"The main technologies are — Azure Data Platform (Azure SQL, Azure Data Factory, Azure Storage, Azure Functions); Python/Scala. Experience building batch and micro-batch data pipelines; ETL design, implementation, and maintenance. Experience in writing Python code.",Можно работать из дома
"Senior Data Engineer, Health Insurance Startup",,DataArt,Алматы,"КЛИЕНТ. Design and implement platform services, frameworks, and data workflows for data scientists, ML Engineers, and operational teams. 3-5 years of experience as a Python Developer in a production environment. Expert knowledge of Python and related frameworks...",DataArt
"Senior Data Engineer, Online Genealogy Servicer",,DataArt,Алматы,Client: PROJECT FEATURES: The team employs pair/mob programming and DevOps practices; works together in a shared online space (e...Experience in SQL databases and managing large amounts of data. Comfortable working with Linux/Unix terminals. Good knowledge of multiple...,Можно работать из дома
Data Analyst,,Improvado,Алматы,"Deep diving into the customer's business, their marketing tools, data structure, DWHs, etc. Researching and testing 3rd-party...You are a BI tools expert (Tableau, Google Data Studio, etc). Experience in working with DBT. Python coding skills.",Improvado
Эксперт-разработчик Oracle,,"Евразийский банк, АО",Алматы,"Разработка банковских продуктов на базе Oracle (PL/SQL). Осуществление внедрения и дальнейшее сопровождения модулей АБИС, отвечающие за кредитные, депозитные и...Опыт использования системы контроля версий Git. Опыт разработки на одном из языков программирования общего назначения (C#, Java, Python).","Евразийский банк, АО"
Аналитик - макроэкономист,,АО Jusan Bank,Алматы,"Подготовка периодических обзоров, инфографики и иных информационно-аналитических материалов. Подготовка комментариев по значимым событиям в мировой экономике и экономике Казахстана. ...знание статистических программ и платформ, а также языков программирования R/Python. Умение работать с локальными и международными источниками статистической информации...",АО Jusan Bank
Middle аналитик (DWH),,ТОО Микрофинансовая организация KMF(КМФ),"Алматы, Жибек Жолы",1) Бизнес аналитика: - Анализ и консолидирование требований к составу и формату данных/отчетов от бизнеса. - Сопровождение бизнес-документации хранилища данных. - 1) навыки работы с требованиями (бизнеса) на всех этапах их жизненного цикла (от выявления и анализа до управления требованиями).,ТОО Микрофинансовая организация KMF(КМФ)
Разработчик Back end,,"ALSECO, АО","Алматы, Драмтеатр имени Ауэзова","Разработка голосового помощника и чат-бота с ИИ. Выстраивание архитектуры ML-сервиса. Разработка алгоритмов для ML-моделей.Опыт разработки на Python, Java от 3 лет. Опыт работы с реляционными и не реляционными БД (PostgreSQL, MS SQL Server...","ALSECO, АО"
Senior/Middle strong Java разработчик,,"АО Банк Хоум Кредит, ДБ АО",Алматы,Участие в поддержке и развитии компонентов банковской core системы по кредитованию физических лиц (именно в части процесса одобрения). Опыт работы c Java от 1-1.5 года в качестве Java backend или full-stack разработчика. Опыт работы с...,"АО Банк Хоум Кредит, ДБ АО"
Senior DevOps (Remote),6000 – 7000 USD,PION Studio,Алматы,"Work closely with a strong team of experts and help them build a well designed, resilient, compliant and performant SaaS...Experience developing enterprise grade SaaS products.  Hands-on experience with backend technologies - python, Golang, node.js.  Coding background.  Good documentation and...",PION Studio
Associate / Intern to Data Analytics (Almaty),,PricewaterhouseCoopers,Алматы,"Process and analyse various types of data. Build dashboards in Tableau and Power BI. Prepare infographics, presentations and technical assignments.Advanced Excel skills: (Vlookup, Sumifs, Pivot Tables etc.). Proficiency in SQL, Python, VBA will be a great plus.",PricewaterhouseCoopers
Главный специалист Сектора аналитики и моделирования Блок риск-менеджмент,,"Евразийский банк, АО",Алматы,"Построение скоринговых карт. Автоматизация и поддержка мониторинговой отчетности. Валидация / бэк тестирование / рекалибровка скоринговых моделей. Валидация внешних источников данных. Продвинутый опыт в написании SQL запросов ( запросы, аналитические функции). Опыт программирования на Python , SaS,R,SPSS. SAS Miner.","Евразийский банк, АО"
Старший эксперт по анализу BI,,"Beeline, ТМ",Алматы,"Работа по инцидентам, связанным с закрытием дня, недели или месяца. Анализ в рамках запросов на разработку новых или доработку существующих......трансформации и агрегации данных. Знание SQL обязательно (уровень выше среднего), Python (начальный уровень). Опыт написания технической документации в рамках сдачи...","Beeline, ТМ"
"Senior Programmer, Game (C++ / Ведущий программист C++)",,Playrix,Алматы,"Проектирование и ревью архитектуры фич. Программирование игровых механик и логики. Менторство, Code Review. Профилирование и оптимизация игры по памяти и...Будет здорово, если вы: Имеете опыт мобильной разработки. Имеете опыт работы с компьютерной графикой, опыт разработки на Python, Lua или...",Можно работать из дома
ИТ-Инженер,,"Small, ТМ (Скиф Сауда, ТОО)",Алматы,"Проектирование и построение ИТ-архитектуры. Управление системой виртуализации на базе HV и oVirt. Внедрение орекстрации на базе Saltstack, Asible и...Log Management - Graylog, ELK/EFK. Script - Bash, Python (желательно), PowerShell(желательно). Web - Nginx, Apache, PHP-FPM. Mail - Postfix, Dovecot, Zimbra...","Small, ТМ (Скиф Сауда, ТОО)"
Ведущий администратор систем биллинга,,ТОО Мобайл Телеком-Сервис (Объединенная Компания Tele2/ALTEL),Алматы,"Осуществлять администрирование программных приложений биллинговой системы и других, связанных с ней систем. Обеспечивать 2-ой уровень поддержки. Выполнять регулярные операции...Не менее 3 лет опыта работы в IT. Опыт работы с СУБД: ORACLE, PL/SQL; Администрирование Windows server, программирование Python...",ТОО Мобайл Телеком-Сервис (Объединенная Компания Tele2/ALTEL)
Финансовый аналитик,,Chocofamily,Алматы,"Комплексный финансовый анализ деятельности компании, объяснение причин отклонений, подготовка различных отчетов. Детальная аналитика статей доходов и затрат, оценка эффективности маркетинговых...Продвинутый пользователь MS Excel, 1C; Бухгалтерия 8. Знание MySQL, Visual Basic, Python приветствуются. Знание основных маркетинговых коэффициентов (CAC, CLTV...",Chocofamily
Senior RPA developer,,ТОО Мобайл Телеком-Сервис (Объединенная Компания Tele2/ALTEL),Алматы,"Осуществление функций входного контроля технического задания на объективность и отсутствие ошибок. Развертывание компонентов RPA, включая ботов, роботов, инструменты разработки, репозитории...Более 2 лет опыта работы с любым из языков программирования, таких как C/C, Python, VB Script, Ruby, Java, JS...",ТОО Мобайл Телеком-Сервис (Объединенная Компания Tele2/ALTEL)
Senior Software engineer,,ТОО MAGNUM. Информационные технологии/Ақпараттық технологиялар,Алматы,"Разработка и доработка информационных систем. Решение инцидентов. Участие в проектах. Мониторинг работоспособности процессов. Участие в публикации релизов и интеграционных тестированиях. Знание базовых команд OC Linux. Знание Oracle APEX. Приветствуется знание Python. Ждем, что вы отлично разбираетесь в этих вопросах: Понимание...",ТОО MAGNUM. Информационные технологии/Ақпараттық технологиялар
Senior Fullstack engineer (Remote),4800 – 5300 USD,PION Studio,Алматы,"Work closely with a strong team of experts and help them build a well designed, resilient, compliant and performant SaaS...2 years of experience with backend microservices (node.js, golang, java, python..).  Thorough understanding of React.js and its core principles, Redux...",Можно работать из дома
Инженер по решениям IoT (Telematics),,ТОО TELTONIKA (ТЕЛТОНИКА),Алматы,"Руководство сотрудниками и клиентами по использованию устройств и решений Teltonika Telematics (консультирование, проведение тренингов). Решение технических проблем. Постоянный надзор и...Наличие базовых знаний о программном обеспечении, операционных системах, серверах и языков программирования (C, C, C#, Java, Python) основы;.",ТОО TELTONIKA (ТЕЛТОНИКА)
Эксперт по отчетности (Data Office),,ТОО Мобайл Телеком-Сервис (Объединенная Компания Tele2/ALTEL),Алматы,"Выполнение полного цикла по разработке отчётности в Oracle BI (анализ ТЗ, разработка, поддержка). Формировании отчётности в установленные сроки и с...Хороший уровень использования SQL, Python и PL/SQL на начальном уровне. Опыт использования Business Intelligence платформ (Oracle BI, Power BI...",ТОО Мобайл Телеком-Сервис (Объединенная Компания Tele2/ALTEL)
Linux Middleware/Devops engineer,,"АО Банк Хоум Кредит, ДБ АО",Алматы,"Администрирование/настройка/поиск неисправностей/автоматизация развертывания/мониторинг систем и приложений, являющимися частью монолита или микросервисной архитектуры. Настройка pipelines, CI/CD...Знания системы Linux. Знание языка python(junior). Опыт работы с ansible/ansible playbooks/ansible roles. Понимание yml конфигураций, JSON, XML.","АО Банк Хоум Кредит, ДБ АО"
Продуктовый Аналитик,,ТОО Magnum E-commerce Kazakhstan,Алматы,"Поиск инсайтов в данных, позволяющих оптимизировать наши UI/UX процессы и, в будущем, ML-модели. Построение системы метрик, проведение экспериментов...Плюсом будет: Опыт работы в сфере E-Commerce. Опыт работы с большими данными. Навыки программирования на Python (Pandas, Numpy).",ТОО Magnum E-commerce Kazakhstan
QA/Test Engineer,,Binance,Алматы,"Perform continuing analysis and requirement handling. Develop and test high quality products. Drive continuous improvements of products and process. Bachelor’s degree in computer science, engineering or equivalent industry experience. 3 years of experience in QA. Experience with Java...",Можно работать из дома
Администратор Linux/ Windows,,"Кселл, АО",Алматы,"Настраивает систему мониторинга, написание скриптов (bash, perl, python).  Осуществляет администрирование пользователей (создание-удаление-модификация пользователей, изменение прав доступа и т...Желателен практический опыт программирования shell/perl/php/java/python.  Желателен практический опыт SQL/PLSQL.  Опыт настройки отказоустойчивости компонентов платформы ПО...","Кселл, АО"
PHP-разработчик,,"Кселл, АО",Алматы,"Доработка и поддержка действующей системы SAO на Yii, миграция модулей с Yii на Laravel, и с Angular на Vue. Высшее техническое образование. Стаж от 2х лет на аналогичной должности. Хорошее знание стандартов TelCo и протоколов передачи данных.","Кселл, АО"
Старший инженер опорной IP сети,,"Кселл, АО",Алматы,"Выполняет технический аудит с целью выявления эксплуатационных ошибок и неправильной настройки оборудования, которые могут повлиять на производительность сети. * Навыки в программировании (HTML, Perl, PHP, Visual Basic, Bash/Shell, Python). * Навыки работать с технической документацией международных стандартов в области...","Кселл, АО"
Ведущий администратор систем IT сети (Группа маршрутизации ИТ систем в дата-центрах),,ТОО Мобайл Телеком-Сервис (Объединенная Компания Tele2/ALTEL),Алматы,"Монтаж/демонтаж/коммутация оборудования. Ведение учета и участие в инвентаризации оборудования. Настройка и обеспечение бесперебойной работы оборудования кампусных сетей семейства...Высшее техническое образование. Опыт работы не менее 3-ех лет. Опыт работы с сетевым оборудованием Cisco Systems: Catalyst, Nexus, Firewall...",ТОО Мобайл Телеком-Сервис (Объединенная Компания Tele2/ALTEL)
Старший инженер (Отдел контроля качества сервисов и локальных решений),,ТОО Мобайл Телеком-Сервис (Объединенная Компания Tele2/ALTEL),Алматы,"Проводить ежедневный анализ сети на основе данных по статистике и жалоб, поступающих от абонентской службы. На основании анализа статистических данных...Опыт работы с системами OSS радиосети производителей оборудования радиосети. Опыт анализа сигнальных трейсов. Базовые знания Python, MySQL, PHP.",ТОО Мобайл Телеком-Сервис (Объединенная Компания Tele2/ALTEL)
Climate Change and Sustainability Services Data Analyst Staff,,ТОО EY (Ernst & Young),Алматы,"Support information intelligence, including collection, storage and processing of big arrays of data. Work as a key member of a...Familiarity with a broad base of analytics tools/applications, such as R, SQL, Python, Azure. Use of structured and unstructured...",ТОО EY (Ernst & Young)
QA инженер (backend),,Тинькофф,Алматы,"Самостоятельное проведение функционального и автоматизированного видов тестирования (в том числе анализ и тестирование требований). Работа в продуктовой команде в рамках...Знание одного или нескольких языков программирования (Java, Kotlin, Python, C#, C, Scala, Go). Знание техник тест-дизайна, опыт разработки тестовой...",Можно работать из дома
IT Recruiter / IT Рекрутер (удаленная работа),100000 – 150000 руб.,ООО Триумф-Маркетинг,Алматы,"Активный сорсинг (LinkedIn, GitHub, Хабр, Boolean Search / X-Ray). Проведение собеседований с разработчиками в Zoom на русском языке (собеседования с...Оплачиваем доступы к платформам с резюме и премиум-подписку на LinkedIn. Опыт подбора IT-специалистов от 6 месяцев.",Можно работать из дома
Разработчик бизнес-процессов/Разработчик Atlassian,250000 – 700000 KZT,Kolesa Group,Алматы,"Разработка бизнес процессов. Поддержка существующих бизнес процессов. Разработка дополнительной логики бизнес процессов путем написания кода и процедур. Интеграция BPM с...Точные следования поставленным задачам. Умение находить общий язык с людьми. Не ждать задач, а постоянно дополнять, улучшать и полностью переделывать.",Kolesa Group
SQL engineer (middle),,Improvado,Алматы,"Researching the stack of technologies related to working with data: Python / SQL. Deep dive into Modern Data Analytics Stack and......participation in development). Experience in digital marketing (Google Analytics, metrics, BI dashboards). Knowledge of Python. Completed courses in data analysis.",Improvado
Сетевой инженер / Pre-sale,,ТОО ARLAN SI,Алматы,"В Ваши обязанности будет входить работа по подбору и внедрению технических решений различного масштаба, изучение и сравнение решений различных производителей...Понимание архитектуры ETSI MANO (NFV, NFVi, VNF, CNF). Опыт автоматизации (bash, perl, python). Опыт проведения технических аудитов сетей передачи данных...",ТОО ARLAN SI
Senior QA Automation,,Improvado,Алматы,"Technical leadership of the QA/Release department. Drawing up plans for the development of testers, control and assistance in achieving......and competencies of colleagues, understanding their own development path. Experience in configuring and working with CI systems. Python development experience.",Improvado
Заместитель директора логистики по цифровизации,,"Small, ТМ (Скиф Сауда, ТОО)",Алматы,"Работа с базами данных SQL, Oracle. Работа с BI-системами. Подбирать эффективных людей в команду и мотивировать их, раскрывать потенциал. Владение/понимание/работа на языках программирования (несколько или одно из): Java, JavaScript, Python, C, C#, PHP; хороший плюс – наличие опыта...","Small, ТМ (Скиф Сауда, ТОО)"
Специалист по информационным системам,480000 – 650000 KZT,ТОО АНКОР Центральная Азия,Алматы,"Delphi - доработка существующего ПО. *C# - утилита создания dbf-файлов, загрузка данных во внешние источники. *Python -загрузка данных ЭСФ, СНТ, курсов...Требования к опыту: *Высшее техническое образование, желательно в области ИТ. *Опыт работы не менее 3-х лет на должности специалиста...",ТОО АНКОР Центральная Азия
Associate/Senior Associate to Valuation and Data Analytics,,PricewaterhouseCoopers,Алматы,Taking part in different stages of Financing/ Business plan development/Market research/ Financial modelling / Valuation projects. Carrying out financial analysis...Knowledge of machine learning algorithms and time series forecasting is a plus. Knowledge of Python for date processing is a...,PricewaterhouseCoopers
Инженер DevOps,150000 – 300000 руб.,Southbridge,Алматы,"Мы, Southbridge, активно развиваемся с 2007 года, внедряем DevOps-решения и занимаемся поддержкой нагруженных серверов: сайты, интернет-магазины, базы данных...Как работают в Southbridge? С каким стеком обычно работаем и то, что нужно знать обязательно: - стек веб - технологий (Nginx, Apache...",Можно работать из дома
Стажер JUMP: Make It Bright отдела по стратегическому планированию,,ТОО JTI Kazakhstan,Алматы,"Подготовка и проведение маркетинговых, торговых, ценовых и потребительских исследований с целью обеспечения точной информацией о текущих и потенциальных тенденциях рынка...Аналитический склад ума и навыки интерпретации данных маркетинговых исследований. Знания компьютерных программ: языки программирования - Python и R (Pandas & Scripy), сервисы...",ТОО JTI Kazakhstan
"Team Lead / Tech Lead (CV, Data Science)",,"Kaspi Bank, АО",Алматы,"Улучшают процессы распознавания лица и оцифровки документов. Занимаются поиском и разработкой новых решений по идентификации и верификации лица. Руководящий опыт (работа с командой), плюсом будет наличие достижений в качестве руководителя. Необходимый стэк технологий: Linux, Python, OracleSQL, TF/Pytorch...","Kaspi Bank, АО"
Django Backend Developer (middle+),,Chocofamily,Алматы,"Интеграции со сторонними сервисами. Разработка\доработка новых сервисов. Эффективный алгоритм доставки и многое другое.Уверенный уровень знания фреймворков Django, Django REST framework, FastAPI\Flask. Умение проектировать модели данных PostgreSql, Mongo, Redis и др. ,",Chocofamily
Middle Java Engineer,,ТОО EA Group Holding,Алматы,"Участвовать в достижении поставленных в рамках спринтов целей. Писать качественный, хорошо поддерживаемый код. Помогать Junior разработчикам. Принимать участие в обсуждении...Опыт разработки от 3 лет. Хорошее понимание программирования, Computer Science, программных архитектур. Желание делиться знаниями и опытом. Желание быть хорошим...",ТОО EA Group Holding
"Ведущий инженер PS Core (Дирекция эксплуатации сети, Алматы)",,"Beeline, ТМ",Алматы,"Осуществляет приемку в эксплуатацию оборудования PS Core (vEPC). Эксплуатирует оборудование мониторинга и управления сетью PS Core (vEPC): Участвует в запуске...Высшее (техническое образование). Стаж работы в отрасли связи: не менее 3 лет. Теоретические основы электротехники, системных технологий и радиосвязи, практика...","Beeline, ТМ"
Главный эксперт (ИТ архитектор),,АО Jusan Bank,Алматы,"Систематизация, структуризация, автоматизация ИТ бизнес-процессов компании. Проектирование целевой ИТ архитектуры Банка (прикладное программное обеспечение / данные /инфраструктура / технологии) и контроль...Опыт администрирования сетевой или ИТ инфраструктуры/(или) опыт разработки на одном из высокоуровневых языков программирования (Java EE, Python,PHP, C#...",АО Jusan Bank
Full Stack Web developer,,"Kaspi Bank, АО",Алматы,"Проектирование и разработка проектов, сервисов, сайтов. Тестирование, внедрение и организация корректного взаимодействия с другими сервисами. Поддержка и устранение ошибок в...Умение составлять и читать ТЗ. Умение разбираться в чужом коде. Знание языков программирования: Java Script, PHP. Знание и умение работать...","Kaspi Bank, АО"
Unity разработчик Middle/Senior,,ТОО TECHNICAL CONSULTING AND SOLUTIONS,Алматы,"Информация по проекту, финальному окладу или другим интересующим вас вопросам будет доступна во время интервью.Обязателен опыт работы с Unity от 1 года, и да, хоббиside projectsfreelance относятся к опыту работы ). Опыт с WebGL станет...",ТОО TECHNICAL CONSULTING AND SOLUTIONS
"Low-Code Developer (SPO, Power Apps)",,ТОО KPMG,Алматы,"Participation in development of required applications and tools, i.e., internal tools, enablers, client products, including integrations with different applications...Some development experience (e.g., VBA, C#, .NET, SQL, JavaScript, Angular JS, Python). Experience with RPA, low-code and BPM...",ТОО KPMG
VP / Vice President of Engineering,,Improvado,Алматы,"Research, analyze, design, propose and support the delivery of solutions that are appropriate for the business and technology strategies. Experienced with several programming paradigms. Deep understanding of SOLID, DDD, various architecture design patterns. Able to design and architect maintainable...",Improvado
Full-stack web-программист,200000 – 300000 KZT,ТОО Dobro Dent,Алматы,"Доработка сайтов и внутренних систем компании.Знания ООП, PHP, LARAVEL, MySQL, JavaScript. Работа с CMS (различными). Умение верстать сайты (адаптивная вертка). Умение читать чужой код.",ТОО Dobro Dent
Back-end разработчик уровня Middle/Senior,500000 – 1000000 KZT,ТОО RM & COMPANY,Алматы,"Разработка веб приложение на Django. - Разработка REST сервисов на DRF. - Писать unit tests. - Тесная работа с фронтенд. - систем автоматизации бизнеса. - Python 3.6-3.8. - Опыт работы с Django/DRF. - Опыт работы с Redis, RabbitMQ, Docker, и похожие технологии. -",ТОО RM & COMPANY
Middle DevOps Engineer,600000 – 1000000 KZT,ТОО Интернет-компания PS,"Алматы, Жибек Жолы","Работа в команде поддержки сайтов и приложений клиентов. Необходимо помогать заказчикам: Проектировать инфраструктуру или улучшать существующую, предлагать работающие решения. ...с gitlab или аналогами. Умение строить пайплайны и интегрировать их в инфраструктуру. Желательно уметь: Bash и python для автоматизации рутины.",ТОО Интернет-компания PS
Разработчик R&D,,ТОО ЭВОТЕК ЦЕНТРАЛЬНАЯ АЗИЯ (Evotech CA),Алматы,"Занимается разработкой программных продуктов в соответствии с бизнес-задачами, нацеленными на развитие Компании.Знания Java SE8. Навыки работы с Maven. Уверенные знания Python (указать используемый фреймворк, привести примеры работ). Формирование структуры разрабатываемого...",ТОО ЭВОТЕК ЦЕНТРАЛЬНАЯ АЗИЯ (Evotech CA)
Front end/Full stack разработчик сайтов в Digital Agency,200000 – 300000 KZT,ТОО GB Travel,Алматы,"Разработка сайтов в основном лендинги, корпоративные сайты, интернет магазины ( верстка с прототипов сайтов в Figma). Разработка веб приложений.Опыт работы более 2 лет. Знание html, css, javascript, php, python, react, Wordpress. Оперативность и ответственность. Обязательно Портфолио ( без портфолио...",Можно работать из дома
Веб-администратор,,"АО КазНИИСА, АО",Алматы,"Администрирование web сайта. Обеспечение непрерывного функционирования сайта. Доработка существующего функционала. Оформление сопутствующей технической документации. Выполнение периодического резервное копирования баз данных. Навыки администрирования Linux серверов (обязательно). Знание скриптовых языков - python, bash. Знание ansible. Знание docker (обязательно). Знание СУБД PostgreSQL.","АО КазНИИСА, АО"
"Full-Stack web developer (php, vue, ws)",400000 – 600000 KZT,ТОО KazakhInvest Partners,Алматы,"Работа над backend. Работа над frontend (обычно мы делегируем верстку на аутсорс и сами занимаемся только программированием интерфейсов). Некоторые из перечисленных далее технологий в вашем стеке: React, Node, Express, Python, Go, Alpine.Js. Навыки разработки мобильных приложений (любые технологии...",ТОО KazakhInvest Partners
Администратор информационной системы,до 500000 KZT,АО Товарная биржа Alan,"Алматы, Абая","Администрирование серверов под ОС Ubuntu. Управлять учетными записями серверов и прикладного обеспечения. Формировать отчеты торговой системы. Разграничивать доступ к серверам...Работа с Microsoft Office (MS Excel особенно). Приветствуется: Знание программирования django/python, веб-серверов (nginx/apache). Знания angular node.js (npm).",АО Товарная биржа Alan
"ANDROID и iOS, веб разработчик в город Алматы, Казахстан",,ТОО KAZAGRO-PRO,Алматы,"Создание нового и оптимизация работы имеющегося функционала. Развитие и поддержка мобильных приложений компании на платформе Android, iOS. Глубокое понимание Java...Наличие завершенных Android или iOS приложений. Скриптовые языки программирования (Ruby, Python), принципы клиент-серверной модели... Знание Model-View-Presenter (MVP...",ТОО KAZAGRO-PRO
Стажер-программист 1С,100000 – 400000 KZT,ИП Гуринов Анатолий,Алматы,"Разработка программного кода на платформе 1С Предприятие. Поведение демонстраций и консультаций для пользователей программных продуктов семейства 1С Предприятие.Высшее (неоконченное высшее) образование в области IT (computer science, data science, etc.) будет преимуществом. Твердые базовые знания любого языка программирования...",ИП Гуринов Анатолий
